{"custom":{"minecraft:system_specs":"inOverlay","minecraft:game_version":"inOverlay","sodium:debug_reduced":"inOverlay","minecraft:memory":"inOverlay","minecraft:simple_performance_impactors":"inOverlay","minecraft:entity_render_stats":"inOverlay","minecraft:fps":"inOverlay","iris:iris":"inOverlay","polytone:particle_hitboxes":"never","minecraft:particle_render_stats":"inOverlay","minecraft:player_section_position":"inOverlay","minecraft:3d_crosshair":"inOverlay","minecraft:tps":"inOverlay","immediatelyfast:immediatelyfast":"inOverlay","minecraft:chunk_render_stats":"inOverlay","minecraft:player_position":"inOverlay"},"DataVersion":4671}