{"gui.title_crashed_with_report":"Fabulously Optimized збілася!","gui.comment_under_title_pls_report":"Калі вы дадалі дадатковыя моды, яны маглі быць састарэлымі або несумяшчальнымі, што і стала прычынай гэтага збою.\n\nПатрэбна дапамога?","gui.comment_under_title":"1) Далучыцеся да <a href=\"https://download.fo/discord\">Discord-сервера Fabulously Optimized</a>.\n2) Стварыце новы пост у <b>#support</b>, апішыце <u>што вы рабілі</u> да збою.\n3) <b>Загрузіце і скапіюйце</b> першы лог з ліста ніжэй.\n4) Устаўце ссылку ў сваю ветку падтрымкі.\n5) Чакайце дапамогі. Мы скажам вам калі спатрэбіцца больш логаў ці іншай інфармацыі.","gui.copy_link_button":"∞ Скапіяваць","gui.file_list_label":"Логі","gui.menu.file.open_config_folder":"Папка config","gui.menu.file.open_config":"Канфігурацыя Crash Assistant","gui.menu.file.open_modpack_folder":"Папка .minecraft","gui.menu.file.open_mods_folder":"Папка mods","gui.menu.file":"Адкрыць","gui.menu.privacy":"Пра мод","gui.menu.privacy.reset_consent":"Запыт перад загрузкай логаў","gui.privacy.consent_not_given":"Crash Assistant ужо запытвае вас перад загрузкай логаў.","gui.privacy.consent_reset_success":"Цяпер Crash Assistant будзе запытваць вас перад загрузкай логаў.","gui.privacy.declined":"Вы вырашылі не загружаць свой лог. Вы ўсё яшчэ можаце падзяліцца файлам уручную або зноў націснуць кнопку.","gui.privacy.logs_upload_accept":"ОК","gui.privacy.logs_upload_decline":"Адкланіць","gui.privacy.logs_upload_question":"Ваш журнал будзе загружаны на <b>mclo.gs</b>, дзе будзе выдалена некаторая ідэнтыфікацыйная інфармацыя, а лог будзе захоўвацца 90 дзён.\nЦі згодныя вы з умовамі палітыкі прыватнасці $LINK.PRIVACY_POLICY$?","gui.privacy.remember_my_choice":"Не пытаць далей","gui.request_help_button":"Discord-сервер Fabulously Optimized","gui.upload_and_copy_link_button":"📤 Загрузіць і скапіяваць","gui.logs_analyzer":"Прычына праблемы знойдзена!","warnings.mixin_apply_common_start":"","warnings.mixin_apply":"<strong>Мод $MOD$, верагодна, несумяшчальны з гэтай версіяй Minecraft.</strong>\n\nКаб выправіць праблему, выканайце адно з наступных дзеянняў:\n1) Знайдзіце версію мода, сумяшчальную з гэтай версіяй Minecraft\n2) Адключыце або выдаліце ​​мод, пакуль абнаўленне не зробіць яго сумяшчальным\n3) Выкарыстоўвайце версію Fabulously Optimized, якая адпавядае чаканай версіі Minecraft для мода","warnings.mixin_apply_conflicting":"<strong>Мод $MOD$, верагодна, нельга выкарыстоўваць з модам $MOD_2$.</strong>\n\nКаб выправіць, адключыце або выдаліце ​​адзін з гэтых модаў.","warnings.mixin_apply_java_version":"<strong>Мод $MOD$ патрабуе Java $REQUIRED_JAVA_VERSION$, але вы выкарыстоўваеце Java $CURRENT_JAVA_VERSION$.</strong>\n\nКаб выправіць памылку, выканайце адно з наступных дзеянняў:\n1) Пераканайцеся, што вы правільна ўсталявалі або абнавілі Fabulously Optimized\n2) Знайдзіце версію мода, сумяшчальную з гэтай версіяй Minecraft і Java\n3) Адключыце або выдаліце ​​мод, пакуль абнаўленне не зробіць яго сумяшчальным\n4) Выкарыстоўвайце версію Fabulously Optimized, якая адпавядае чаканай версіі Minecraft і Java для мода","warnings.mixin_apply_missing_class":"<strong>У нейкім модзе адсутнічае іншы мод, ад якога ён залежыць. Адсутнічае клас: $MISSING_CLASS$</strong>\n\nКаб выправіць праблему, выканайце адно з наступных дзеянняў:\n1) Націсніце кнопку ніжэй і выкарыстоўвайце акно, каб знайсці назву мода. Затым знайдзіце спіс мода і прачытайце яго апісанне, каб даведацца пра патрабаванні.\n2) Націсніце кнопку ніжэй, выкарыстоўвайце акно і зрабіце скрыншот. Затым вярніцеся ў галоўнае акно збою, выканайце інструкцыі і далучыце скрыншот, каб мы маглі дапамагчы вам вырашыць праблему.","warnings.mixin_apply_missing_class_auto_fix":"Знайсці, які мод адсутнічае іншы мод","warnings.mixin_config_missing_or_corrupted":"<strong>Мод $MOD$, верагодна, зламаны.</strong>\n\nКаб выправіць яго, выканайце адно з наступных дзеянняў:\n1) Загрузіце мод зноў\n2) Загрузіце іншую версію мода, сумяшчальную з гэтай версіяй Minecraft\n3) Адключыце або выдаліце ​​мод, пакуль абнаўленне не зробіць яго сумяшчальным","warnings.mixin_apply_common_end":"\n\n<i>Патрэбна дадатковая дапамога? Націсніце «ОК» і выконвайце інструкцыі ў галоўным акне.</i>"}