{"gui.window_name":"$LANG.gui.title_crashed_with_report$ - Crash Assistant","gui.title_crashed_with_report_oops":"$LANG.gui.title_crashed_with_report$","gui.title_crashed_without_report_oops":"$LANG.gui.title_crashed_with_report$","gui.title_crashed_with_report":"Fabulously Optimized crashed!","gui.title_crashed_without_report":"$LANG.gui.title_crashed_with_report$","gui.comment_under_title_pls_report":"If you've added extra mods, they may be outdated or incompatible, which caused this crash.\n\nNeed help?","gui.comment_under_title":"1) Join <a href=\"https://download.fo/discord\">Fabulously Optimized Discord</a>.\n2) Create a <b>new post in #support</b>, describe <u>what you were doing</u> before the crash.\n3) <b>Upload and copy</b> each file and paste the links into your support post.\n4) Wait for help. We'll tell you if we need more information.","gui.copy_link_button":"∞ Copy","gui.file_list_label":"Logs","gui.menu.file.open_config_folder":"config folder","gui.menu.file.open_config":"Crash Assistant settings","gui.menu.file.open_modpack_folder":".minecraft folder","gui.menu.file.open_mods_folder":"mods folder","gui.menu.file":"Open","gui.menu.privacy.reset_consent":"Prompt before uploading logs","gui.privacy.consent_not_given":"Crash Assistant already asks you before uploading logs.","gui.privacy.consent_reset_success":"Crash Assistant will now ask you before uploading logs.","gui.privacy.declined":"You chose not to upload your log. You can still share the file manually, or click the button again.","gui.privacy.logs_upload_accept":"Yes, upload to mclo.gs","gui.privacy.logs_upload_decline":"No, don't upload","gui.privacy.logs_upload_question":"Your log will be uploaded to <b>mclo.gs</b>, which removes some identifying information and stores the log for 90 days.\nDo you accept the $LINK.PRIVACY_POLICY$?","gui.request_help_button":"Fabulously Optimized Discord","gui.open_button":"📄","gui.show_in_explorer_button":"📂","gui.upload_and_copy_link_button":"📤 Upload and copy","gui.error":"⌛","gui.uploading":"⌛","gui.copied":"✔️","gui.logs_analyzer":"Problem cause found!","warnings.mixin_apply_common_start":"","warnings.mixin_apply":"<strong>Mod $MOD$ is likely incompatible with this Minecraft version.</strong>\n\nTo fix, do one of the following:\n1) Find a mod version that is compatible with this Minecraft version\n2) Disable or remove the mod until an update makes it compatible\n3) Use a Fabulously Optimized version that matches the mod's expected Minecraft version","warnings.mixin_apply_conflicting":"<strong>Mod $MOD$ likely cannot be used with mod $MOD_2$.</strong>\n\nTo fix, disable or remove one of those mods.","warnings.mixin_apply_conflicting_with_jar":"$LANG.warnings.mixin_apply_conflicting$","warnings.mixin_apply_java_version":"<strong>Mod $MOD$ requires Java $REQUIRED_JAVA_VERSION$, but you are using Java $CURRENT_JAVA_VERSION$.</strong>\n\nTo fix, do one of the following:\n1) Verify that you have installed or updated Fabulously Optimized properly\n2) Find a mod version that is compatible with this Minecraft and Java version\n3) Disable or remove the mod until an update makes it compatible\n4) Use a Fabulously Optimized version that matches the mod's expected Minecraft and Java version","warnings.mixin_apply_missing_class":"<strong>Some mod is missing another mod it depends on. Missing class: $MISSING_CLASS$</strong>\n\nTo fix, do one of the following:\n1) Press the button below and use the window to figure out the mod name. Then find the listing of the mod and read its description to find out the requirements.\n2) Press the button below, use the window and take a screenshot for it. Then return to main crash window, follow instructions and attach the screenshot, so that we can help you solve the issue.","warnings.mixin_apply_missing_class_auto_fix":"Find which mod is missing another mod","warnings.mixin_config_missing_or_corrupted":"<strong>Mod $MOD$ is likely broken.</strong>\n\nTo fix, do one of the following:\n1) Download the mod again\n2) Download a different version of the mod that is compatible with this Minecraft version\n3) Disable or remove the mod until an update makes it compatible","warnings.mixin_apply_common_end":"\n\n<i>Need more help? Click OK and follow instructions on the main window.</i>","gui.intel_corrupted_microcode_bad":"Your BIOS/UEFI is outdated and you should update it as soon as possible.\n<i>(Your current microcode version is $MICROCODE_VERSION_CURRENT$, which is lower than the recommended version $MICROCODE_VERSION_FIXED$.)</i>","gui.intel_corrupted_microcode_good":"Your BIOS/UEFI is up to date. If you still get crashes outside Minecraft, check your warranty options.\n<i>(Your microcode version is $MICROCODE_VERSION_CURRENT$, which satisfies the minimum recommended version $MICROCODE_VERSION_FIXED$.)</i>","gui.intel_corrupted_msg":"Your Intel CPU has a known defect. Ensure that your BIOS/UEFI is up to date to prevent physical damage and random crashes in the system.\n\n$CURRENT_MICROCODE_TEXT$\n\nClick Learn More to read what you can do, otherwise click OK.","gui.intel_corrupted_title":"CPU defect detected","gui.piracy_warning":"Offline mode detected","warnings.piracy":"You are using an unsupported launcher or offline mode.\n\nIf you need help with this crash, please try <a href=\"https://download.fo/install/\">installing a supported launcher</a> or switching to online mode, then repeating the actions that led to the crash.\nWe do not provide support for crashes that happen in offline mode.","gui.privacy.remember_my_choice":"Remember my choice","gui.menu.privacy":"Privacy","gui.menu.privacy.logs_info":"Crash Assistant Privacy Policy","gui.menu.privacy.manage_logs":"Manage Uploaded Logs","gui.intel_corrupted_dont_show_again":"Don't show again","gui.intel_corrupted_read_more":"Learn More"}