{"gui.window_name":"$LANG.gui.title_crashed_with_report$ - Crash Assistant","gui.title_crashed_with_report":"Fabulously Optimized krahhis!","gui.comment_under_title_pls_report":"Kui oled lisanud täiendavaid mode, võivad need olla aegunud või ühildumatud, mis põhjustas selle krahhi.\n\nVajad abi?","gui.comment_under_title":"1) Liitu <a href=\"https://download.fo/discord\">Fabulously Optimized'i Discordiga</a>.\n2) Loo <b>uus postitus kanalis #support</b> ja <u>kirjelda, mida tegid</u> enne krahhi.\n3) <b>Laadi üles ja kopeeri</b> kõik failid ning kleebi lingid oma tugipostitusse.\n4) Oota abi. Anname teada, kui vajame lisainfot.","gui.copy_link_button":"∞ Kopeeri","gui.file_list_label":"Logid","gui.menu.file.open_config_folder":"config kaust","gui.menu.file.open_config":"Crash Assistanti seaded","gui.menu.file.open_modpack_folder":".minecraft kaust","gui.menu.file.open_mods_folder":"mods kaust","gui.menu.file":"Ava","gui.menu.privacy.reset_consent":"Küsi enne logide üleslaadimist","gui.privacy.consent_not_given":"Crash Assistant juba küsib üle enne logide üleslaadimist.","gui.privacy.consent_reset_success":"Crash Assistant küsib nüüd üle enne logide üleslaadimist.","gui.privacy.declined":"Otsustasid logi mitte üles laadida. Võid siiski faili käsitsi jagada, või nuppu uuesti vajutada.","gui.privacy.logs_upload_accept":"Jah, laadi üles lehele mclo.gs","gui.privacy.logs_upload_decline":"Ei, ära laadi üles","gui.privacy.logs_upload_question":"Sinu logi laaditakse üles teenusesse <b>mclo.gs</b>, mis eemaldab teatud isikustavad andmed ning hoiab logi 90 päeva.\nKas nõustud $LINK.PRIVACY_POLICY$?","gui.request_help_button":"Fabulously Optimized'i Discord","gui.upload_and_copy_link_button":"📤 Laadi üles ja kopeeri","gui.logs_analyzer":"Probleemi põhjus leitud!","warnings.mixin_apply_common_start":"","warnings.mixin_apply":"<strong>Mod $MOD$ tõenäoliselt ei ühildu selle Minecrafti versiooniga.</strong>\n\nParandamiseks tee ühte järgnevast:\n1) Leia modi versioon, mis ühildub selle Minecrafti versiooniga\n2) Keela või eemalda mod, kuniks selle uuendus muudab selle ühilduvaks\n3) Kasuta Fabulously Optimized versiooni, mis vastab modi eeldatavale Minecrafti versioonile","warnings.mixin_apply_conflicting":"<strong>Modi $MOD$ ei saa tõenäoliselt modiga $MOD_2$ kasutada.</strong>\n\nParandamiseks keela või eemalda üks neist modidest.","warnings.mixin_apply_java_version":"<strong>Mod $MOD$ nõuab Java $REQUIRED_JAVA_VERSION$, kuid sina kasutad Java $CURRENT_JAVA_VERSION$.</strong>\n\nParandamiseks tee ühte järgnevast:\n1) Veendu, et Fabulously Optimized on korralikult paigaldatud või uuendatud\n2) Leia modi versioon, mis ühildub selle Minecrafti ja Java versiooniga\n3) Keela või eemalda mod, kuniks selle uuendus muudab selle ühilduvaks\n4) Kasuta Fabulously Optimized versiooni, mis vastab modi eeldatavale Minecrafti ja Java versioonile","warnings.mixin_apply_missing_class":"<strong>Mõni mod vajab teist modi, mida pole lisatud. Puuduv klass: $MISSING_CLASS$</strong>\n\nParandamiseks tee ühte järgnevast:\n1) Vajuta allolevat nuppu ja kasuta akent modi nime väljauurimiseks. Seejärel leia modi koduleht ja loe nõuete leidmiseks selle kirjeldust.\n2) Vajuta allolevat nuppu, kasuta akent ja tee sellest ekraanipilt. Seejärel pöördu krahhi põhiaknasse, järgi juhiseid ja lisa ekraanipilt, et saaksime aidata sul viga leida.","warnings.mixin_apply_missing_class_auto_fix":"Leia, milline mod vajab teist modi","warnings.mixin_config_missing_or_corrupted":"<strong>Mod $MOD$ on tõenäoliselt katki.</strong>\n\nParandamiseks tee ühte järgnevast:\n1) Laadi mod uuesti alla\n2) Laadi alla teine modi versioon, mis ühildub selle Minecrafti versiooniga\n3) Keela või eemalda mod, kuniks selle uuendus muudab selle ühilduvaks","warnings.mixin_apply_common_end":"\n\n<i>Vajad rohkem abi? Vajuta OK ja järgi põhiaknas olevaid juhiseid.</i>","gui.intel_corrupted_microcode_bad":"Sinu BIOS/UEFI on vananenud, peaksid selle uuendama nii kiiresti, kui võimalik.\n<i>(Sinu praegune mikrokoodi versioon on $MICROCODE_VERSION_CURRENT$, mis on madalam, kui soovitatud versioon $MICROCODE_VERSION_FIXED$.)</i>","gui.intel_corrupted_microcode_good":"Sinu BIOS/UEFI on kaasaegne. Kui esineb siiski Minecrafti-väliseid krahhe, kontrolli oma garantiivõimalusi.\n<i>(Sinu praegune mikrokoodi versioon on $MICROCODE_VERSION_CURRENT$, mis rahuldab minimaalselt soovitatud versiooni $MICROCODE_VERSION_FIXED$.)</i>","gui.intel_corrupted_msg":"Sinu Inteli protsessoril on teadaolev defekt. Veendu, et BIOS/UEFI on kaasaegne, et vältida füüsilist kahju ja juhuslikke krahhe süsteemis.\n\n$CURRENT_MICROCODE_TEXT$\n\nKlõpsa Lisateave, et lugeda tegevuste kohta rohkem, vastasel korral klõpsa OK.","gui.intel_corrupted_title":"Protsessori defekt tuvastatud","gui.piracy_warning":"Võrguta režiim tuvastatud","warnings.piracy":"Kasutad mittetoetatud käivitajat või võrguta režiimi.\n\nKui vajad selle krahhiga abi, palun proovi <a href=\"https://download.fo/install/\">paigaldada mõni toetatud käivitaja</a> või lülituda võrgus režiimi, seejärel korrata toiminguid, mis viisid krahhi tekkeni.\nMe ei paku tuge võrguta režiimis tekkinud krahhidele.","gui.privacy.remember_my_choice":"Jäta valik meelde","gui.menu.privacy":"Privaatsus","gui.menu.privacy.logs_info":"Crash Assistanti privaatsuspoliitika","gui.menu.privacy.manage_logs":"Halda üleslaaditud logisid","gui.intel_corrupted_dont_show_again":"Ära kuva uuesti","gui.intel_corrupted_read_more":"Lisateave"}