{"gui.title_crashed_with_report":"Fabulously Optimized vient de planter !","gui.comment_under_title_pls_report":"Si vous avez ajouté des mods, il se peut qu'ils soient obsolètes ou incompatibles, ce qui a provoqué ce plantage.\n\nBesoin d'aide ?","gui.comment_under_title":"1) Rejoignez le <a href=\"https://download.fo/discord\">serveur Discord de Fabulously Optimized</a>.\n2) Créez un nouveau post dans <b>#support</b>,et décrivez <u>ce que vous faisiez</u> avant que le jeu plante.\n3) <b>Téléversez et copiez</b> chaque fichier et collez le lien dans votre le fil d'aide.\n4) Attendez de recevoir de l'aide. Nous vous préviendrons si nous avons besoin de plus d'informations.","gui.copy_link_button":"∞ Copier","gui.file_list_label":"Journaux","gui.menu.file.open_config_folder":"dossier de configuration","gui.menu.file.open_config":"Configuration de Crash Assistant","gui.menu.file.open_modpack_folder":"Dossier .minecraft","gui.menu.file.open_mods_folder":"dossier des mods","gui.menu.file":"Ouvrir","gui.menu.privacy":"À propos","gui.menu.privacy.reset_consent":"Demander avant de téléverser les journaux","gui.privacy.consent_not_given":"Crash Assistant vous demande déjà avant de téléverser les journaux.","gui.privacy.consent_reset_success":"Crash Assistant vous demandera désormais avant de téléverser les journaux.","gui.privacy.declined":"Vous avez choisi de ne pas téléverser le journal. Vous pouvez toujours partager le fichier manuellement ou cliquer à nouveau sur le bouton.","gui.privacy.logs_upload_accept":"Ok","gui.privacy.logs_upload_decline":"Annuler","gui.privacy.logs_upload_question":"Votre journal sera téléversé sur <b>mclo.gs</b>, qui supprime certaines informations d'identification et stocke le journal pendant 90 jours.\nAcceptez-vous la $LINK.PRIVACY_POLICY$ du site?","gui.privacy.remember_my_choice":"Ne plus me demander","gui.request_help_button":"Serveur Discord de Fabulously Optimized","gui.upload_and_copy_link_button":"📤 Téléverser et copier","gui.logs_analyzer":"Cause du problème trouvée !","warnings.mixin_apply_common_start":"","warnings.mixin_apply":"<strong>Le mod $MOD$ est probablement incompatible avec cette version de Minecraft.</strong>\n\nPour le corriger, essayez :\n1) De trouver une version de mod compatible avec cette version de Minecraft\n2) De désactiver ou de supprimer le mod jusqu'à ce qu'une mise à jour le rende compatible\n3) D'utiliser une version de Fabulously Optimized qui correspond à la version de Minecraft du mod","warnings.mixin_apply_conflicting":"<strong>Le mod $MOD$ est probablement incompatible avec le mod $MOD_2$.</strong>\n\nPour corriger la situation, désactivez ou supprimez l'un de ces mods.","warnings.mixin_apply_java_version":"<strong>Le mod $MOD$ nécessite Java $REQUIRED_JAVA_VERSION$, mais vous utilisez Java $CURRENT_JAVA_VERSION$.</strong>\n\nPour résoudre ce problème :\n1) Vérifiez que vous avez installé ou mis à jour Fabulously Optimized correctement\n2) Trouvez une version du mod compatible avec cette version de Minecraft et de Java\n3) Désactivez ou supprimez le mod jusqu'à ce qu'une mise à jour le rende compatible\n4) Utilisez une version de Fabulously Optimized qui correspond à la version de Minecraft et de Java attendue pour le mod","warnings.mixin_apply_missing_class":"<strong>Un des mod dépend d'un mod non installé. Classe manquante : $MISSING_CLASS$</strong>\n\nPour résoudre ce problème, essayez de :\n1) Cliquer sur le bouton ci-dessous et d'utiliser le menu pour trouver le nom du mod. Ensuite, essayez de trouver la liste des dépendances du mod.\n2) Appuyer sur le bouton ci-dessous, puis utiliser la fenêtre et d'en faire une capture d'écran. Revenez ensuite à la fenêtre principale de crash, suivez les instructions et attachez la capture d'écran afin que nous puissions vous aider à résoudre le problème.","warnings.mixin_apply_missing_class_auto_fix":"Trouver le mod qui dépend d'un autre","warnings.mixin_config_missing_or_corrupted":"<strong>Mod $MOD$ est probablement cassé.</strong>\n\nPour le réparer, essayez de :\n1) Télécharger à nouveau le mod\n2) Télécharger une autre version du mod compatible avec cette version de Minecraft\n3) Désactiver ou supprimer le mod jusqu'à ce qu'une mise à jour le corrige","warnings.mixin_apply_common_end":"\n\n<i>Besoin de plus d'aide ? Cliquez sur OK et suivez les instructions de la fenêtre principale.</i>","gui.intel_corrupted_microcode_bad":"Votre BIOS/UEFI est obsolète et vous devriez le mettre à jour dès que possible.\n<i>(Votre version de BIOS actuelle est $MICROCODE_VERSION_CURRENT$, ce qui est inférieur à la version recommandée $MICROCODE_VERSION_FIXED$.)</i>","gui.intel_corrupted_microcode_good":"Votre BIOS/UEFI est à jour. Si vous avez toujours des plantages en dehors de Minecraft, vérifiez les conditions de votre garantie.\n<i>(Votre version de BIOS est $MICROCODE_VERSION_CURRENT$, ce qui correspond à la version minimale recommandée $MICROCODE_VERSION_FIXED$.)</i>","gui.intel_corrupted_msg":"Votre processeur Intel présente un problème connu. Assurez-vous que votre BIOS/UEFI soit à jour afin d'éviter les dommages physiques et les pannes aléatoires du système.\n\n$CURRENT_MICROCODE_TEXT$\n\nCliquez sur En savoir plus pour savoir ce que vous pouvez faire, sinon cliquez sur OK.","gui.intel_corrupted_title":"Détection d'un défaut du processeur","gui.intel_corrupted_dont_show_again":"Ne plus afficher","gui.intel_corrupted_read_more":"En savoir plus"}