{"gui.window_name":"$LANG.gui.title_crashed_with_report$ - עוזר קריסות","gui.title_crashed_with_report":"Fabulously Optimized קרס!","gui.comment_under_title_pls_report":"אם הוספת מודים נוספים, הם עשויים להיות מיושנים או לא תואמים, מה שגרם לקריסה זו.\n\nאנחנו כאן כדי לעזור:","gui.comment_under_title":"1) מצטרפים ל<a href=\"https://download.fo/discord\">דיסקורד של Fabulously Optimized</a>.\n2) יוצרים <b>פוסט חדש ב-#support</b>, ומסבירים <u>מה התרחש</u> לפני הקריסה.\n3) <b>מעלים ומעתיקים</b> כל קובץ ומדביקים את הקישורים בפוסט תמיכה.\n4) מחכים לעזרה. נגיד לך אם נזדקק מידע נוסף.","gui.copy_link_button":"∞ העתקה","gui.file_list_label":"יומנים","gui.menu.file.open_config_folder":"תיקיית config","gui.menu.file.open_config":"הגדרות עוזר קריסות","gui.menu.file.open_modpack_folder":"תיקיית .minecraft","gui.menu.file.open_mods_folder":"תיקיית mods","gui.menu.file":"פתיחה","gui.menu.privacy.reset_consent":"הודעה לפני העלאת יומנים","gui.privacy.consent_not_given":"Crash Assistant כבר שואל אותך לפני העלאת יומנים.","gui.privacy.consent_reset_success":"Crash Assistant יבקש את אישורך לפני העלאת יומנים.","gui.privacy.declined":"בחרת לא להעלות את היומן שלך. עדיין ניתן לשתף את הקובץ באופן ידני, או ללחוץ על הכפתור שוב.","gui.privacy.logs_upload_accept":"כן, העלה ל-mclo.gs","gui.privacy.logs_upload_decline":"לא, אל תעלה","gui.privacy.logs_upload_question":"היומן שלך יועלה ל<b>mclo.gs</b>, מה שמוחק מידע מזהה ושומר את היומן למשך 90 ימים. יש לאשר את ה$LINK.PRIVACY_POLICY$.","gui.request_help_button":"דיסקורד של Fabulously Optimized","gui.upload_and_copy_link_button":"📤 העלה והעתק","gui.logs_analyzer":"נמצאה סיבת הבעיה!","warnings.mixin_apply_common_start":"","warnings.mixin_apply":"<strong>המוד $MOD$ כנראה לא תואם לגרסת Minecraft הזאת.</strong>\n\nכדי לתקן את הבעיה, מבצעים את אחת מהפעולות הבאות:\n1) מחפשים גרסה של המוד שתואמת לגרסת Minecraft הזאת\n2) מכבים או מוחקים את המוד עד שיצא לו עדכון\n3) משתמשים בגרסה של Fabulously Optimized שתואמת לגרסת Minecraft המצופה של המוד","warnings.mixin_apply_conflicting":"<strong>המוד $MOD$ כנראה לא ניתן לשימוש עם המוד $MOD_2$.</strong>\n\nכדי לתקן את הבעיה, מכבים או מוחקים אחד מהמודים הללו.","warnings.mixin_apply_java_version":"<strong>המוד $MOD$ דורש Java $REQUIRED_JAVA_VERSION$, אבל Java $CURRENT_JAVA_VERSION$ נמצא בשימוש.</strong>\n\nכדי לתקן את הבעיה, מבצעים את אחת מהפעולות הבאות:\n1) בודקים אם התקנת או עדכנת Fabulously Optimized כמו שצריך\n2) מוצאים גרסה למוד שתומך בגרסת Minecraft וJava הזאת\n3) מכבים או מוחקים את המוד עד שיצא לו עדכון\n4) משתמשים בגרסה של Fabulously Optimized שתואמת לגרסת Minecraft וJava המצופה של המוד","warnings.mixin_apply_missing_class":"<strong>למוד מסוים חסר מוד שהוא תלוי בו. המחלקה החסרה: $MISSING_CLASS$</strong>\n\nכדי לתקן את הבעיה, מבצעים את אחת מהפעולות הבאות:\n1) לוחצים על הכפתור למטה ומשתמשים בחלון כדי להבין את השם של המוד. מחפשים את השם של המוד וקוראים את התיאור כדי למצוא במה הוא תלוי.\n2) לוחצים על הכפתור למטה ומצלמים את החלון. חוזרים לחלון הקריסה הראשי, מבצעים את ההוראות, ומעלים את הצילום מסך כדי שנוכל לעזור לך לפתור את הבעיה.","warnings.mixin_apply_missing_class_auto_fix":"מציאת המוד שתלוי במוד אחר","warnings.mixin_config_missing_or_corrupted":"<strong>המוד $MOD$ כנראה לא עובד.</strong>\n\nכדי לתקן את הבעיה, מבצעים את אחת מהפעולות הבאות:\n1) מורידים את המוד מחדש\n2) מחפשים גרסה של המוד שתואמת לגרסת Minecraft הזאת\n3) מכבים או מוחקים את המוד עד שיצא לו עדכון","warnings.mixin_apply_common_end":"\n\n<i>אנחנו כאן כדי לעזור, לוחצים על אישור ועוקבים אחרי ההוראות בחלון הראשי.</i>","gui.intel_corrupted_microcode_bad":"הBIOS/UEFI שלך מיושן וכדי לך לעדכן אותו בהקדם.\n<i>(גרסת המיקרוקוד שלך היא $MICROCODE_VERSION_CURRENT$, שהיא נמוכה מהגרסה המומלצת $MICROCODE_VERSION_FIXED$.)</i>","gui.intel_corrupted_microcode_good":"הBIOS/UEFI שלך מעודכן. אם מתקיימות קריסות מחוץ לMinecraft, ניתן לבדוק את אפשרויות האחריות שלך.\n<i>(גרסת המיקרוקוד שלך היא $MICROCODE_VERSION_CURRENT$, שהיא עומדת בגרסת מינימום המומלצת $MICROCODE_VERSION_FIXED$.)</i>","gui.intel_corrupted_msg":"במעבד Intel שלך יש פגם ידוע. יש לבדוק אם הBIOS/UEFI שלך מעודכן כדי למנוע נזק פיזי וקריסות אקראיות במערכת.\n\n$CURRENT_MICROCODE_TEXT$\n\nאפשר ללחוץ על 'מידע נוסף' כדי לקרוא מה ניתן לעשות, או ללחוץ על 'אישור'.","gui.intel_corrupted_title":"אותר פגם במעבד","gui.piracy_warning":"זוהה מצב לא מקוון","warnings.piracy":"מפעיל לא נתמך או מצב לא מקוון נמצא בשימוש.\n\nבכדי לקבל עזרה עם הקריסה, יש לנסות <a href=\"https://download.fo/install/\">להתקין מפעיל נתמך</a> או להחליף למצב מקוון, ואז לחזור על הפעולות שגרמו לקריסה.\nאנחנו לא מספקים תמיכה לקריסות שהתרחשו במצב לא מקוון.","gui.privacy.remember_my_choice":"זכור את הבחירה שלי","gui.menu.privacy":"פרטיות","gui.menu.privacy.logs_info":"מדיניות פרטיות עוזר קריסות","gui.menu.privacy.manage_logs":"ניהול יומנים שהועלו","gui.intel_corrupted_dont_show_again":"לא להציג שוב","gui.intel_corrupted_read_more":"מידע נוסף"}