{"gui.title_crashed_with_report":"Awaria Fabulously Optimized!","gui.comment_under_title_pls_report":"Jeśli dodałeś dodatkowe mody, mogą one być nieaktualne lub niekompatybilne, co spowodowało awarię.\n\nPotrzebujesz pomocy?","gui.comment_under_title":"1) Dołącz do <a href=\"https://download.fo/discord\">Discord Fabulously Optimized</a>.\n2) Utwórz nowy post w <b>#support</b> i opisz, <u>co robiłeś</u> przed awarią gry.\n3) <b> Prześlij i skopiuj</b> pierwszy dziennik z listy poniżej.\n4) Wklej link do wątku pomocy technicznej.\n5) Poczekaj na pomoc. Poinformujemy Cię, jeśli będziemy potrzebować więcej logów lub innych informacji.","gui.copy_link_button":"∞ Kopiuj","gui.file_list_label":"Dzienniki","gui.menu.file.open_config_folder":"folder konfiguracji","gui.menu.file.open_config":"Konfiguracja Crash Assistant","gui.menu.file.open_modpack_folder":"Folder .minecraft","gui.menu.file.open_mods_folder":"folder modów","gui.menu.file":"Otwórz","gui.menu.privacy":"O programie","gui.menu.privacy.reset_consent":"Zapytaj przed przesłaniem logów","gui.privacy.consent_not_given":"Crash Assistant już pyta przed przesłaniem dzienników.","gui.privacy.consent_reset_success":"Crash Assistant teraz zapyta przed przesłaniem dzienników.","gui.privacy.declined":"Nie przesłałeś dziennika. Nadal możesz udostępnić plik ręcznie lub ponownie kliknąć przycisk.","gui.privacy.logs_upload_accept":"OK","gui.privacy.logs_upload_decline":"Anuluj","gui.privacy.logs_upload_question":"Twój dziennik zostanie przesłany do <b>mclo.gs</b>, który usuwa niektóre informacje identyfikujące i przechowuje dziennik przez 90 dni.\nCzy akceptujesz $LINK.PRIVACY_POLICY$?","gui.privacy.remember_my_choice":"Nie pytaj ponownie","gui.request_help_button":"Discord Fabulously Optimized","gui.upload_and_copy_link_button":"📤 Prześlij i skopiuj"}