{"gui.title_crashed_with_report":"В Fabulously Optimized произошёл сбой!","gui.comment_under_title_pls_report":"Этот сбой могли вызвать установленные вами моды, так-как они могут оказаться устаревшими или несовместимыми.\n\nНужна помощь?","gui.comment_under_title":"1) Зайдите в <a href=\"https://download.fo/discord\">Дискорд Fabulously Optimized</a>.\n2) Создайте новый пост в канале <b>#support</b> и <u>опишите что вы делали</u> перед сбоем.\n3) <b>Загрузите и скопируйте</b> первый лог в списке ниже.\n4) Вставьте ссылку на лог в ветку с вашей проблемой.\n5) Дождитесь нашего ответа. Мы скажем вам если нам нужно больше информации или другие логи.","gui.copy_link_button":"∞ Скопировать","gui.file_list_label":"Логи","gui.menu.file.open_config_folder":"папка config","gui.menu.file.open_config":"Настройки Crash Assistant","gui.menu.file.open_modpack_folder":"папка .minecraft","gui.menu.file.open_mods_folder":"папка mods","gui.menu.file":"Открыть","gui.menu.privacy":"О нас","gui.menu.privacy.reset_consent":"Просить подтверждения перед загрузкой логов","gui.privacy.consent_not_given":"Crash Assistant уже просит подтверждения перед загрузкой логов.","gui.privacy.consent_reset_success":"Теперь Crash Assistant будет просить подтверждение перед загрузкой логов.","gui.privacy.declined":"Вы решили не загружать ваш лог. Вы всё ещё можете отправить файл сами, или нажать на кнопку ещё раз.","gui.privacy.logs_upload_accept":"ОК","gui.privacy.logs_upload_decline":"Отмена","gui.privacy.logs_upload_question":"Ваш лог будет загружен на сервис <b>mclo.gs</b>, который очищает его от приватной информации и хранит на протяжении 90 дней.\nВы принимаете $LINK.PRIVACY_POLICY$?","gui.privacy.remember_my_choice":"Больше не спрашивать","gui.request_help_button":"Дискорд Fabulously Optimized","gui.upload_and_copy_link_button":"📤 Загрузить и скопировать","gui.logs_analyzer":"Источник проблемы найден!","warnings.mixin_apply_common_start":"","warnings.mixin_apply":"<strong>Мод $MOD$, скорее всего, несовместим с данной версией Minecraft.</strong>\n\nЧтобы исправить это, сделайте одно из следующих действий:\n1) Найдите версию мода, совместимую с этой версией Minecraft\n2) Отключите или удалите мод, пока игра не обновиться до нужной версии\n3) Используйте версию Fabulously Optimized, которая построена на нужной для мода версии Minecraft","warnings.mixin_apply_conflicting":"<strong>Мод $MOD$, скорее всего, несовместим с модом $MOD_2$.</strong>\n\nЧтобы это исправить, отключите или удалите один из перечисленных модов.","warnings.mixin_apply_java_version":"<strong>Мод $MOD$ требует Java $REQUIRED_JAVA_VERSION$, но вы используете Java $CURRENT_JAVA_VERSION$.</strong>\n\nЧтобы это исправить, сделайте одно из следующих действий:\n1) Убедитесь, что вы правильно установили или обновили Fabulously Optimized\n2) Найдите версию мода, совместимую с данной версией Minecraft и Java\n3) Отключите или удалите мод, пока игра не обновиться до нужной версии\n4) Используйте версию Fabulously Optimized, которая построена на нужной для мода версии Java и Minecraft","warnings.mixin_apply_missing_class":"<strong>Какому-то моду не хватает другого мода, от которого он зависит. Отсутствует класс: $MISSING_CLASS$</strong>\n\nЧтобы это исправить, сделайте одно из следующих действий:\n1) Нажмите на кнопку ниже, и попробуйте найти название мода в появившемся окне. Затем найдите страницу мода и прочитайте его описание, чтобы узнать требования.\n2) Нажмите кнопку ниже, и сделайте скриншот для появившегося окна. Затем вернитесь в основное окно, следуйте инструкциям и приложите скриншот, чтобы мы могли помочь вам решить проблему.","warnings.mixin_apply_missing_class_auto_fix":"Найти мод, которому не хватает зависимостей","warnings.mixin_config_missing_or_corrupted":"<strong>Мод $MOD$, скорее всего, сломан.</strong>\n\nЧтобы это исправить, сделайте одно из следующих действий:\n1) Удалите, и загрузите мод по новой\n2) Скачайте другую версию мода, совместимую с этой версией Minecraft\n3) Отключите или удалите мод, пока игра не обновиться до нужной версии","warnings.mixin_apply_common_end":"\n\n<i>Ничего не помогло? Нажмите OK и следуйте инструкциям в главном окне.</i>","gui.intel_corrupted_microcode_bad":"Ваш Intel процессор имеет известный дефект, существует программный обход, но он не был применён к данному экземпляру. Хотя это может быть и не прямой причиной текущей ошибки, вам следует как можно скорее обновить BIOS/UEFI, чтобы предотвратить физические повреждения и случайные сбои в системе.\nНажмите \"Подробнее\", чтобы узнать, что можно сделать, или нажмите OK, чтобы получить инструкции касательно вашей ошибки в Minecraft.\n\n<i>(Версия микрокода вашего процессора - $MICROCODE_VERSION_CURRENT$, что ниже рекомендуемой - $MICROCODE_VERSION_FIXED$).</i>","gui.intel_corrupted_microcode_good":"Ваш Intel процессор имеет известный дефект, но он имеет вшитый программный обход.\nЕсли вы испытываете случайные сбои и за пределами Minecraft, нажмите \"Побробнее\", чтобы узнать, что можно сделать, или нажмите OK, чтобы получить инструкции касательно вашей ошибки в Minecraft.\n\n<i>(Версия микрокода вашего процессора - $MICROCODE_VERSION_CURRENT$, что соответствует рекомендуемой - $MICROCODE_VERSION_FIXED$).</i>","gui.intel_corrupted_title":"Обнаружен дефект процессора","gui.intel_corrupted_dont_show_again":"Не показывать снова","gui.intel_corrupted_read_more":"Подробнее"}