{"gui.title_crashed_with_report":"Fabulously Optimized đã bị treo!","gui.comment_under_title_pls_report":"Nếu bạn đã cài đặt thêm các mod, chúng có thể đã lỗi thời hoặc không tương thích, dẫn đến sự cố này.\n\nCần hỗ trợ?","gui.comment_under_title":"1) Tham gia <a href=\"https://download.fo/discord\">Discord của Fabulously Optimized</a>.\n2) Tạo một bài đăng mới trong <b> kênh #support</b>, mô tả <u>những gì bạn đang làm</u> trước khi xảy ra sự cố.\n3) <b>Tải lên và sao chép</b> bản ghi đầu tiên từ danh sách dưới đây.\n4) Dán liên kết vào bài đăng hỗ trợ của bạn.\n5) Chờ sự trợ giúp. Chúng tôi sẽ thông báo cho bạn nếu cần thêm bản ghi hoặc thông tin khác.","gui.copy_link_button":"∞ Sao chép","gui.file_list_label":"Nhật ký","gui.menu.file.open_config_folder":"thư mục config","gui.menu.file.open_config":"Tùy chỉnh Crash Assistant","gui.menu.file.open_modpack_folder":"thư mục .minecraft","gui.menu.file.open_mods_folder":"thư mục mods","gui.menu.file":"Mở","gui.menu.privacy":"Giới thiệu","gui.menu.privacy.reset_consent":"Thông báo trước khi tải lên nhật ký","gui.privacy.consent_not_given":"Crash Assistant đã yêu cầu bạn xác nhận trước khi tải lên nhật ký.","gui.privacy.consent_reset_success":"Crash Assistant sẽ yêu cầu bạn xác nhận trước khi tải lên nhật ký.","gui.privacy.declined":"Bạn đã chọn không tải lên nhật ký của mình. Bạn vẫn có thể chia sẻ tệp theo cách thủ công hoặc bấm lại vào nút.","gui.privacy.logs_upload_accept":"Đồng ý","gui.privacy.logs_upload_decline":"Hủy","gui.privacy.logs_upload_question":"Nhật ký của bạn sẽ được tải lên <b>mclo.gs</b>, nơi sẽ loại bỏ một số thông tin nhận dạng và lưu trữ nhật ký trong 90 ngày.\nBạn có chấp nhận $LINK.PRIVACY_POLICY$ không?","gui.privacy.remember_my_choice":"Không hỏi lại","gui.request_help_button":"Discord của Fabulously Optimized","gui.upload_and_copy_link_button":"📤 Tải lên và sao chép"}