{
  "logModelCreationData": false,
  "debugOnRightClick": false,
  "renderModeChoice": "NORMAL",
  "vanillaModelHologramRenderMode_2": "OFF",
  "modelExportMode": "NONE",
  "modelUpdateFrequency": "Average",
  "entityRenderModeOverrides": {},
  "entityVanillaHologramOverrides": {},
  "modelsNamesDisabled": [],
  "allowEBEModConfigModify": true,
  "animationLODDistance": 20,
  "retainDetailOnLowFps": true,
  "retainDetailOnLargerMobs": true,
  "animationFrameSkipDuringIrisShadowPass": true,
  "preventFirstPersonHandAnimating": false,
  "onlyClientPlayerModel": false,
  "doubleChestAnimFix": true,
  "enforceOptifineVariationRequiresDefaultModel": false,
  "enforceOptifineVariationRequiresDefaultModel_v2": false,
  "resetPlayerModelEachRender": true,
  "resetPlayerModelEachRender_v2": true,
  "onlyDebugRenderOnHover": false,
  "enforceOptifineSubFoldersVariantOnly": true,
  "enforceOptiFineAnimSyntaxLimits": true,
  "allowOptifineFallbackProperties": true,
  "showReloadErrorToast": true,
  "armorCopiesAnimationsHack": true,
  "exportRotations": false
}