{"sorting":"ascending","count_libraries":false,"compact_list":false,"count_children":true,"mods_button_style":"shrink","game_menu_button_style":"insert","count_hidden_mods":false,"mod_count_location":"title_screen","hide_mod_links":false,"show_libraries":false,"hide_mod_license":true,"hide_badges":true,"hide_mod_credits":false,"easter_eggs":false,"random_java_colors":false,"translate_names":true,"translate_descriptions":true,"update_checker":false,"button_update_badge":false,"update_channel":"release","quick_configure":true,"modify_title_screen":true,"modify_game_menu":true,"hide_config_buttons":false,"config_mode":false,"disable_drag_and_drop":false,"hidden_mods":["minecraft","puzzle-models","puzzle-splashscreen","moremcmeta_properties_parser_plugin","moremcmeta_texture_plugin","indium","moremcmeta_animation_plugin","puzzle-gui","puzzle-base","moremcmeta_json_parser_plugin","moremcmeta_gui_plugin","citresewn-defaults","tr7zw-api-parent","lambdynlights_api","lambdynlights_runtime","lightconfig"],"hidden_configs":[],"disable_update_checker":[]}