{
  "credentials": {},
  "loginInfoEnabled": true,
  "enableMythicTomeAnnouncement": true,
  "enableMythicAspectAnnouncement": true,
  "enableDryStreakAnnouncementIfNoMythic": true,
  "enableMaxedMythicAnnouncement": true,
  "enableRaidChestMythicAspectScan": true,
  "enableItemSizeAmplifier": false,
  "itemSizeAmplificationRatio": 1,
  "pingSystemEnabled": false,
  "pingAuthMode": "SELF",
  "defaultWheelPing": "HERE",
  "pingWheelHoldDelay": 4,
  "pingMarkerSize": 3,
  "pingDuration": 10,
  "maxActivePings": 10,
  "pingMaxDistance": 99999,
  "pingSoundEnabled": true,
  "pingFeedEnabled": true,
  "pingPartyFeedEnabled": true,
  "offScreenPingEnabled": true,
  "ignoredMembers": "",
  "pingFeedX": -1,
  "pingFeedY": -1,
  "pingScale": 1.0,
  "partyFeedX": -1,
  "partyFeedY": -1,
  "partyScale": 1.0,
  "enableGambitDataCollection": false
}